{
  "success_rate": 0.5879629629629629,
  "avg_days_per_trade": 10.064814814814815,
  "sharpe": 0.8699631192734126,
  "max_drawdown": -0.09454700595121922
}