{
  "success_rate": 0.68,
  "avg_days_per_trade": 14.49,
  "sharpe": 1.0045731953654704,
  "max_drawdown": -0.04334542351184122
}