{
  "candidate_id": "d1_only_logreg_k0_tp1L10_tp1S10_tp240_sl0.09_E2_tp1c50_lock50_betp1_plus_10_th0.65",
  "pass_win65_cnt": 5,
  "pass_sh80_cnt": 4,
  "pass_mdd_cnt": 5,
  "per_fold_min_n": 23,
  "sharpe_med": 0.8625496740146605,
  "sharpe_min": 0.7578742638778246,
  "win_med": 0.75,
  "win_min": 0.7105263157894737,
  "mdd_worst": -0.0008139999999999418,
  "tpm": 1.005952380952381,
  "worst_fold": "Fold3",
  "data_sparse": false
}