{
  "success_rate": 0.6620689655172414,
  "avg_days_per_trade": 14.882758620689655,
  "sharpe": 0.8566529144327142,
  "max_drawdown": -0.026822682268226986
}