{
  "success_rate": 0.4752475247524752,
  "avg_days_per_trade": 10.702970297029703,
  "sharpe": 1.1002819666997772,
  "max_drawdown": -0.05407963267125416
}