{
  "success_rate": 0.4779874213836478,
  "avg_days_per_trade": 8.660377358490566,
  "sharpe": 1.3769032868098614,
  "max_drawdown": -0.13064361191162369
}