{
  "lock0": {
    "win_rate_pnl": 0.425,
    "sharpe_raw": -0.1184756042631535
  },
  "lockX": {
    "lock_pts": 50,
    "win_rate_pnl": 0.9,
    "sharpe_raw": 1.110551535330311
  }
}