{
  "success_rate": 0.8079470198675497,
  "avg_days_per_trade": 9.596026490066226,
  "sharpe": 1.906707403817119,
  "max_drawdown": -0.0631644112554533
}