{
  "pre_epd": 0.9976043845127813,
  "pre_pf": 1.824796546452616,
  "pre_ev_r": 0.1739970138735528,
  "pre_hit_tp1": 0.8157804459691252,
  "pre_hit_tp2": 0.0,
  "pre_maxdd_usd": 22.568126073445455,
  "os_epd": 0.49146288272168964,
  "all_epd": 0.8600362571227074,
  "all_pf": 1.8404252352773791,
  "all_ev_r": 0.17756828544548903,
  "all_maxdd_usd": 22.568126073445455,
  "entry_delay": 1,
  "confirm_window": 6,
  "fast_abs_ratio": 0.6,
  "zero_eps_mult": 1e-05,
  "H1": 240,
  "H2": 240,
  "tp1_q": 0.05,
  "sl_q": 0.85,
  "tp2_q": 0.45,
  "k_cost": 1.5,
  "risk_cap_usd": 4.0,
  "daily_stop_loss_usd": 4.0,
  "dd_trigger_usd": 25.0,
  "dd_stop_cooldown_bars": 480,
  "risk_scale_min": 0.05,
  "tp2_n1": 8,
  "tp2_n2": 10,
  "state_thr": 0.55,
  "posterior_tp1": 1.0,
  "posterior_tp2": 0.0,
  "posterior_sl": 0.9999813081440319,
  "raw_pre_epd": 3.393566064092192,
  "raw_os_epd": 3.218348355136438,
  "constraints_ok": true,
  "score": 0.4550959353730216
}
