{
  "preOS": {
    "n_days": 2922,
    "mean_daily": 0.0023646205046919232,
    "std_daily": 0.009037115750013643,
    "sr_daily": 0.2616565472992147,
    "sr_ann": 4.153668918393189,
    "skew": -0.2668731916660165,
    "kurt": 6.000475675352174,
    "sr_sigma": 0.01988857566048212,
    "psr_vs0": 1.0,
    "dsr_approx": 1.0,
    "n_trials_assumed": 540,
    "sr0_deflated": 0.05772367677405146
  },
  "ALL": {
    "n_days": 4013,
    "mean_daily": 0.0020673585595617585,
    "std_daily": 0.008546318642610393,
    "sr_daily": 0.24190047738850787,
    "sr_ann": 3.8400510311867704,
    "skew": -0.2694488173970377,
    "kurt": 6.821410661066289,
    "sr_sigma": 0.016932958112932144,
    "psr_vs0": 1.0,
    "dsr_approx": 1.0,
    "n_trials_assumed": 540,
    "sr0_deflated": 0.04914542990032065
  }
}
