{
  "pre_epd": 1.0102669444534238,
  "pre_pf": 1.8653296185686412,
  "pre_ev_r": 0.17307160279151618,
  "pre_hit_tp1": 0.8262195121951219,
  "pre_hit_tp2": 0.3604336043360434,
  "pre_maxdd_usd": 23.17925785665875,
  "os_epd": 0.49971505799127025,
  "all_epd": 0.8715000843691996,
  "all_pf": 1.873952755343297,
  "all_ev_r": 0.17531751287582176,
  "posterior_tp1": 1.0,
  "posterior_tp2": 0.9999996656475405,
  "posterior_sl": 0.9999813081440319,
  "entry_delay": 1,
  "confirm_window": 6,
  "fast_abs_ratio": 0.6,
  "zero_eps_mult": 1e-05,
  "H1": 240,
  "H2": 240,
  "tp1_q": 0.05,
  "sl_q": 0.85,
  "tp2_q": 0.4,
  "k_cost": 1.5,
  "risk_cap_usd": 4.0,
  "daily_stop_loss_usd": 4.0,
  "dd_trigger_usd": 25.0,
  "dd_stop_cooldown_bars": 480,
  "risk_scale_min": 0.05,
  "tp2_n1": 8,
  "tp2_n2": 10,
  "state_thr": 0.55,
  "tp2_thresh_prob": 0.55,
  "tp2_regime_weighting": "vol_only",
  "tp2_scale_base": 0.8,
  "constraints_ok": true,
  "score": 0.17307160279151618
}
