{
  "method": "daily_block_bootstrap",
  "seed": 10,
  "preOS": {
    "n": 1533,
    "actual": 22.694679956717664,
    "p80": 23.84648687485592,
    "p95": 28.9533061607845,
    "n_boot": 1000,
    "block": 5
  },
  "OS": {
    "n": 322,
    "actual": 12.250438166527239,
    "p80": 19.251524199468047,
    "p95": 24.6625536828669,
    "n_boot": 1000,
    "block": 5
  },
  "ALL": {
    "n": 1855,
    "actual": 22.694679956717664,
    "p80": 24.40600284071425,
    "p95": 28.610239958223495,
    "n_boot": 1000,
    "block": 5
  }
}
