{
  "version": "20260112_019",
  "audit": {
    "sl_atr_mult": 1.0,
    "preos_events": 9916,
    "atr_ref_p50": 0.6263616914717617,
    "atr_ref_p80": 1.0922060645710299,
    "atr_ref_p95": 1.9094113663777565,
    "sl_dist_p50": 0.6263616914717617,
    "sl_dist_p80": 1.0922060645710299,
    "sl_dist_p95": 1.9094113663777565,
    "min_lot_branches": {
      "0.01": {
        "risk_usd_p50": 0.8763616914717618,
        "risk_usd_p80": 1.3422060645710299,
        "risk_usd_p95": 2.1594113663777565
      },
      "0.02": {
        "risk_usd_p50": 1.7527233829435236,
        "risk_usd_p80": 2.6844121291420597,
        "risk_usd_p95": 4.318822732755513
      }
    }
  }
}
